{"training loss": 0.2212097228520076, "validation_loss": 0.23292985617683865, "training_f1": 0.8922580206389896, "validation_f1": 0.8855682687749713, "percentage_predicted_aversion": 0.6519257516339869, "_timestamp": 1680676654.2037575, "_runtime": 3384.1240525245667, "_step": 302, "_wandb": {"runtime": 3369}}