{"training loss": 0.6999701747701382, "validation_loss": 0.6634930482056206, "training_f1": 0.4781257072875797, "validation_f1": 0.48221338113528933, "percentage_predicted_aversion": 0.9332047058823529, "_timestamp": 1681152987.387882, "_runtime": 75.95434808731079, "_step": 0}