{"training_f1": 0.9278142231326103, "training loss": 0.16506102530820735, "validation_f1": 0.9182339477268722, "validation_loss": 0.16578054960385014, "_timestamp": 1681175120.3112588, "percentage_predicted_aversion": 0.6381437908496732, "_step": 292, "_runtime": 10867.162139892578}