{"training_f1": 0.9315640598119673, "training loss": 0.15651473061783389, "validation_f1": 0.9170190070366484, "validation_loss": 0.16971568140356758, "_timestamp": 1681179228.059623, "percentage_predicted_aversion": 0.6311947712418301, "_step": 326, "_runtime": 14974.910504102707}