{"object_interestingness": {"pSphere6": 0.5, "pPlane1": 0.5, "pSphere5": 0.5, "pSphere4": 0.7, "pSphere7": 0.5, "pTorus1": 0.9, "pCube2": 0.5, "pCube1": 0.5}, "object_type": {"pSphere6": 1, "pPlane1": 0, "pSphere5": 1, "pSphere4": 5, "pSphere7": 1, "pTorus1": 1, "pCube2": 1, "pCube1": 0}, "object_pos": {"pSphere6": [-135.85196911355285, 150.47767768842655, 75.44279545286639], "pPlane1": [-76.27964963815825, 0.0, 117.06492345912416], "pSphere5": [-86.61749657871465, 185.23000454510301, 131.0091606860767], "pSphere4": [18.606098592763445, 163.496522695054, 152.23135915713965], "pSphere7": [149.60678466738037, 110.03027669894024, 115.5730348051809], "pTorus1": [77.6309886957713, 66.7837160907928, 56.770761630051325], "pCube2": [-392.0731411936236, 99.07989306671544, 80.45348080169549], "pCube1": [99.19101647520384, 30.613647684354405, 100.87141548371198]}, "self_pos": {"calibration_dir_world": [-0.00027341818268467044, 165.3299383230842, 99.44940629455927], "pos": [0.1466542872663572, 164.22261449392545, 0.38545475588721345], "calibration_dir_local": [0, 0, 100]}}