{"object_interestingness": {}, "object_type": {}, "object_pos": {}, "self_pos": {"calibration_dir_world": [-0.00027341818268467044, 165.3299383230842, 99.44940629455927], "pos": [-0.00027341818268467044, 165.3299383230842, -0.5505937054407326], "calibration_dir_local": [0, 0, 100]}}