{
    "object_interestingness": {
        "pSphere6": 0.5,
        "pSphere5": 0.5,
        "pSphere4": 0.7,
        "pSphere7": 0.5
    },
    "object_type": {
        "pSphere6": 1,
        "pSphere5": 1,
        "pSphere4": 5,
        "pSphere7": 1
    },
    "object_pos": {
        "pSphere6": [
            -135.85196911355285,
            150.47767768842655,
            75.44279545286639
        ],
        "pSphere5": [
            -86.61749657871465,
            185.23000454510301,
            131.0091606860767
        ],
        "pSphere4": [
            18.606098592763445,
            163.496522695054,
            152.23135915713965
        ],
        "pSphere7": [
            149.60678466738037,
            110.03027669894024,
            115.5730348051809
        ]
    },
    "self_pos": {
        "calibration_dir_world": [
            -0.00027341818268467044,
            165.3299383230842,
            99.44940629455927
        ],
        "pos": [
            0.1466542872663572,
            164.22261449392545,
            0.38545475588721345
        ],
        "calibration_dir_local": [
            0,
            0,
            100
        ]
    }
}