{"object_interestingness": {"pPlane1": 0.5, "pSphere5": 0.5, "pSphere4": 0.0, "pSphere7": 0.5, "pSphere6": 0.5, "pCube1": 0.5}, "object_type": {"pPlane1": 0, "pSphere5": 1, "pSphere4": 5, "pSphere7": 1, "pSphere6": 1, "pCube1": 0}, "object_pos": {"pPlane1": [-76.27964963815825, 0.0, 117.06492345912416], "pSphere5": [-86.61749657871465, 185.23000454510301, 131.0091606860767], "pSphere4": [18.606098592763445, 163.496522695054, 152.23135915713965], "pSphere7": [149.60678466738037, 110.03027669894024, 115.5730348051809], "pSphere6": [-135.85196911355285, 150.47767768842655, 75.44279545286639], "pCube1": [99.19101647520384, 30.613647684354405, 100.87141548371198]}, "self_pos": {"calibration_dir_world": [26.97108202004974, 181.03833714205393, 127.7228285357702], "pos": [-0.7108148205689504, 165.3850284982629, -0.6263552707736508], "calibration_dir_local": [0, 0, 100]}}