{"object_interestingness": {"nurbsSphere3": [[0.0, 0.699999988079071]], "nurbsSphere2": [[0.0, 0.5]], "nurbsSphere1": [[0.0, 0.5]], "nurbsSphere5": [[0.0, 0.05000000074505806]], "nurbsSphere4": [[0.0, 0.5]]}, "cam_pos": [69.9044522768072, 470.25853053884725, 3884.766993970551], "object_type": {"nurbsSphere3": 5.0, "nurbsSphere2": 1.0, "nurbsSphere1": 1.0, "nurbsSphere5": 1.0, "nurbsSphere4": 5.0}, "object_pos": {"nurbsSphere3": [75.28890868309954, 145.57282232011963, 152.23135915713965], "nurbsSphere2": [52.01339953160645, 129.11692294156666, 159.5139707405051], "nurbsSphere1": [-43.3231978296104, 136.06907186349594, 116.65420669470576], "nurbsSphere5": [18.695875902151748, 146.6513632302522, 100.0], "nurbsSphere4": [-73.34438555253877, 153.76624450688502, 131.0091606860767]}, "self_pos": {"calibration_dir_world": [-0.00027341818268467044, 165.3299383230842, 99.44940629455927], "pos": [-0.00027341818268467044, 165.3299383230842, -0.5505937054407308], "calibration_dir_local": [0, 0, 100]}, "speaker_id": {"nurbsSphere3": [[0.0, 1.0]], "nurbsSphere2": [[0.0, -1.0]], "nurbsSphere1": [[0.0, -1.0]], "nurbsSphere5": [[0.0, -1.0]], "nurbsSphere4": [[0.0, 2.0]]}}