{"object_interestingness": {"pSphere6": 0.4, "pPlane1": 1e-08, "pSphere4": 0.7, "pSphere7": 0.2, "pTorus1": 0.5, "pCube2": 0.3, "pCube1": 0.1}, "object_type": {"pSphere6": 1, "pPlane1": 0, "pSphere4": 5, "pSphere7": 1, "pTorus1": 1, "pCube2": 1, "pCube1": 0}, "object_pos": {"pSphere6": [-135.85196911355285, 150.47767768842655, 75.44279545286639], "pPlane1": [-76.27964963815825, 0.0, 117.06492345912416], "pSphere4": [18.606098592763445, 163.496522695054, 152.23135915713965], "pSphere7": [149.60678466738037, 110.03027669894024, 115.5730348051809], "pTorus1": [77.6309886957713, 66.7837160907928, 56.770761630051325], "pCube2": [-392.0731411936236, 99.07989306671544, 80.45348080169549], "pCube1": [99.19101647520384, 30.613647684354405, 100.87141548371198]}, "self_pos": {"calibration_dir_world": [-1.5049833053284553e-15, 162.53685153909328, 90.38794078404301], "pos": [-1.5049833053284553e-15, 162.53685153909328, -9.61205921595699], "calibration_dir_local": [0, 0, 100]}}