{"object_pos": {"0": [178.30516877534762, 165.3299383230842, 137.33106662668257], "1": [176.2802863851865, 166.16642317799068, -3.050548086405179], "2": [-106.24907415982076, 164.77519861919495, 170.6156330738382], "3": [-392.0731411936236, 99.07989306671544, 80.45348080169549], "4": [77.6309886957713, 66.7837160907928, 56.770761630051325], "5": [99.19101647520384, 30.613647684354405, 100.87141548371198], "6": [-76.27964963815825, 0.0883681671806471, 105.4479595376805]}, "object_type": {"0": 5, "1": 5, "2": 5, "3": 1, "4": 1, "5": 0, "6": 0}, "calibration_global": {"0": [-0.00027341818268467044, 165.3299383230842, 99.44940629455927], "1": [-0.00027341818268467044, 165.3299383230842, 99.44940629455927], "2": [-0.00027341818268467044, 165.3299383230842, 99.44940629455927]}, "calibration_local": [0, 0, 100], "object_interestingness": {"pCube2": 0.5, "pCube1": 0.5, "pTorus1": 0.9, "pPlane1": 0.5}}