{"object_interestingness": {"0": 0.8, "1": 0.8, "2": 0.8, "3": 1e-08, "4": 1e-08}, "speaker_indexes": [0, 1, 2], "object_pos": {"0": [178.30448073377698, 165.3299383230842, 137.32054472199778], "1": [177.51641585959155, 166.7205845628146, -2.1072822144396204], "2": [-107.42928260404015, 165.32936000401887, 169.6032721644285], "3": [-392.0731411936236, 99.07989306671544, 80.45348080169549], "4": [-76.27964963815825, 0.0, 117.06492345912416]}, "object_type": {"0": 5, "1": 5, "2": 5, "3": 0, "4": 0}, "calibration_global": {"0": [-0.00027341818268467044, 165.3299383230842, 99.44940629455927], "1": [-0.00027341818268467044, 165.3299383230842, 99.44940629455927], "2": [-0.00027341818268467044, 165.3299383230842, 99.44940629455927]}, "object_names": ["pCube2", "pPlane1"], "calibration_local": [0, 0, 100]}