{"object_interestingness": {"0": 0.8, "1": 0.8, "2": 0.8}, "speaker_indexes": [0, 1, 2], "object_pos": {"0": [178.30516877534762, 165.3299383230842, 137.33106662668257], "1": [176.2802863851865, 166.16642317799068, -3.050548086405179], "2": [-106.24907415982076, 164.77519861919495, 170.6156330738382]}, "object_type": {"0": 5, "1": 5, "2": 5}, "calibration_global": {"0": [-0.00027341818268467044, 165.3299383230842, 99.44940629455927], "1": [-0.00027341818268467044, 165.3299383230842, 99.44940629455927], "2": [-0.00027341818268467044, 165.3299383230842, 99.44940629455927]}, "object_names": [], "calibration_local": [0, 0, 100]}