{"training loss": 0.6756504568927763, "validation_loss": 0.6713802101093909, "training_f1": 0.4480124332944026, "validation_f1": 0.4579306211739479, "percentage_predicted_aversion": 0.9978854901960784, "_timestamp": 1697562213.4713514, "_runtime": 1926.0708854198456, "_step": 1}