{"training loss": -1.672101795716076, "validation_loss": 1.5933969605862068, "training_f1": 0.8203088954442739, "validation_f1": 0.5372396669853448, "percentage_predicted_aversion": 0.598642614379085, "_timestamp": 1697599528.1464145, "_runtime": 35672.181099414825, "_step": 173}