{"training loss": 0.6765705144203831, "validation_loss": 0.6693924554301107, "training_f1": 0.45307280944531103, "validation_f1": 0.4744273647864068, "percentage_predicted_aversion": 0.9845218300653594, "_timestamp": 1697563867.8599186, "_runtime": 171.03455257415771, "_step": 0}